Date Modified,Size,ArXiv Link
"Oct 22, 2024 at 2:37PM",1.2 MB,https://arxiv.org/abs/2311.00239
"Oct 22, 2024 at 3:46PM",1.2 MB,https://arxiv.org/abs/2311.02065
"Oct 22, 2024 at 3:48PM",1.8 MB,https://arxiv.org/abs/2311.02161
"Oct 22, 2024 at 2:47PM",3.6 MB,https://arxiv.org/abs/2311.03434
"Oct 22, 2024 at 3:50PM",203 KB,https://arxiv.org/abs/2311.07557
"Oct 22, 2024 at 3:19PM",2 MB,https://arxiv.org/abs/2311.10148
"Oct 22, 2024 at 3:56PM",892 KB,https://arxiv.org/abs/2311.14513
"Oct 22, 2024 at 3:33PM",867 KB,https://arxiv.org/abs/2311.16634
"Oct 22, 2024 at 3:38PM",870 KB,https://arxiv.org/abs/2312.00571
"Oct 22, 2024 at 3:58PM",1.1 MB,https://arxiv.org/abs/2312.00717
"Oct 22, 2024 at 3:59PM",645 KB,https://arxiv.org/abs/2312.01824
"Oct 22, 2024 at 4:00PM",549 KB,https://arxiv.org/abs/2312.03069
"Oct 22, 2024 at 4:01PM",14.2 MB,https://arxiv.org/abs/2312.03383
"Oct 22, 2024 at 4:02PM",601 KB,https://arxiv.org/abs/2312.05184
"Oct 22, 2024 at 4:37PM",1.9 MB,https://arxiv.org/abs/2312.10455
"Oct 22, 2024 at 4:38PM",1.1 MB,https://arxiv.org/abs/2312.12499
"Oct 22, 2024 at 4:12PM",1.3 MB,https://arxiv.org/abs/2312.12532
"Oct 22, 2024 at 4:40PM",2 MB,https://arxiv.org/abs/2312.15056
"Oct 22, 2024 at 4:41PM",1.4 MB,https://arxiv.org/abs/2312.17291
"Oct 22, 2024 at 4:28PM",1.8 MB,https://arxiv.org/abs/2401.00771
"Oct 22, 2024 at 4:42PM",4.1 MB,https://arxiv.org/abs/2401.01105
"Oct 22, 2024 at 4:34PM",1.3 MB,https://arxiv.org/abs/2401.01864
"Oct 22, 2024 at 4:44PM",1.7 MB,https://arxiv.org/abs/2401.02409
"Oct 22, 2024 at 4:45PM",1.3 MB,https://arxiv.org/abs/2401.04388
"Oct 27, 2024 at 2:36PM",796 KB,https://arxiv.org/abs/2401.10680
"Oct 27, 2024 at 2:37PM",639 KB,https://arxiv.org/abs/2401.13729
"Oct 24, 2024 at 3:36PM",1 MB,https://arxiv.org/abs/2402.03120
"Oct 27, 2024 at 1:44PM",1.7 MB,https://arxiv.org/abs/2402.10755
"Oct 27, 2024 at 2:38PM",9.6 MB,https://arxiv.org/abs/2402.16152
"Oct 27, 2024 at 2:40PM",3.2 MB,https://arxiv.org/abs/2402.16781
"Oct 27, 2024 at 2:41PM",757 KB,https://arxiv.org/abs/2402.17312
"Oct 27, 2024 at 2:25PM",1.9 MB,https://arxiv.org/abs/2403.03338
"Oct 27, 2024 at 6:27PM",1.4 MB,https://arxiv.org/abs/2403.04316
"Oct 27, 2024 at 2:51PM",1 MB,https://arxiv.org/abs/2403.05626
"Oct 27, 2024 at 6:30PM",1.6 MB,https://arxiv.org/abs/2403.05626
"Oct 27, 2024 at 6:17PM",2 MB,https://arxiv.org/abs/2403.09089
"Oct 27, 2024 at 6:20PM",557 KB,https://arxiv.org/abs/2403.09816
"Oct 27, 2024 at 6:31PM",1.5 MB,https://arxiv.org/abs/2403.15126
"Oct 27, 2024 at 6:39PM",537 KB,https://arxiv.org/abs/2403.20164
"Oct 27, 2024 at 6:45PM",2.3 MB,https://arxiv.org/abs/2404.07075
"Oct 27, 2024 at 7:10PM",1.5 MB,https://arxiv.org/abs/2404.08375
"Oct 27, 2024 at 7:07PM",1.5 MB,https://arxiv.org/abs/2405.02960
"Oct 27, 2024 at 7:12PM",776 KB,https://arxiv.org/abs/2405.06603
"Oct 27, 2024 at 7:12PM",717 KB,https://arxiv.org/abs/2405.09599
"Oct 27, 2024 at 7:13PM",951 KB,https://arxiv.org/abs/2405.09620
"Oct 27, 2024 at 6:57PM",4.4 MB,https://arxiv.org/abs/2405.10937
"Oct 27, 2024 at 7:15PM",555 KB,https://arxiv.org/abs/2405.11755
"Oct 27, 2024 at 7:57PM",453 KB,https://arxiv.org/abs/2406.02359
"Oct 27, 2024 at 7:59PM",1.8 MB,https://arxiv.org/abs/2406.04957
"Oct 27, 2024 at 8:07PM",369 KB,https://arxiv.org/abs/2406.05081
"Oct 27, 2024 at 8:09PM",3.2 MB,https://arxiv.org/abs/2406.10048
"Oct 27, 2024 at 9:00PM",5.7 MB,https://arxiv.org/abs/2406.17053
"Oct 27, 2024 at 9:02PM",3.1 MB,https://arxiv.org/abs/2407.02714
"Oct 27, 2024 at 8:22PM",726 KB,https://arxiv.org/abs/2407.05686
"Oct 27, 2024 at 8:25PM",2.7 MB,https://arxiv.org/abs/2407.07319
"Oct 27, 2024 at 8:27PM",408 KB,https://arxiv.org/abs/2407.07956
"Oct 27, 2024 at 9:15PM",5 MB,https://arxiv.org/abs/2407.10071
"Oct 27, 2024 at 9:20PM",2.3 MB,https://arxiv.org/abs/2407.11263
"Oct 27, 2024 at 9:21PM",2.7 MB,https://arxiv.org/abs/2407.12920
"Oct 27, 2024 at 9:30PM",3.2 MB,https://arxiv.org/abs/2407.18246
"Oct 27, 2024 at 9:44PM",2 MB,https://arxiv.org/abs/2408.05240
"Oct 27, 2024 at 9:45PM",1 MB,https://arxiv.org/abs/2408.10166
"Oct 27, 2024 at 9:45PM",1.5 MB,https://arxiv.org/abs/2408.11774
"Nov 11, 2024 at 8:27PM",793 KB,https://arxiv.org/abs/2403.04316
"Nov 11, 2024 at 8:33 PM",13.6 MB,https://arxiv.org/abs/2403.05626
"Nov 11, 2024 at 8:35 PM",1.2 MB,https://arxiv.org/abs/2403.05626
"Nov 11, 2024 at 8:39 PM",1.1 MB,https://arxiv.org/abs/2403.09089
"Nov 11, 2024 at 9:26PM",10.1 MB,https://arxiv.org/abs/2403.09816
"Nov 11, 2024 at 8:50PM",631 KB,https://arxiv.org/abs/2403.15126
"Nov 11, 2024 at 8:53PM",788 KB,https://arxiv.org/abs/2403.20164
"Nov 11, 2024 at 8:54PM",716 KB,https://arxiv.org/abs/2404.07075
"Nov 11, 2024 at 8:57PM",750 KB,https://arxiv.org/abs/2404.08375
"Nov 11, 2024 at 9:28PM",1 MB,https://arxiv.org/abs/2405.02960
"Nov 11, 2024 at 9:05PM",1.9 MB,https://arxiv.org/abs/2405.06603
"Nov 11, 2024 at 9:30 PM",12.9 MB,https://arxiv.org/abs/2405.09599
"Nov 11, 2024 at 9:17PM",5.5 MB,https://arxiv.org/abs/2405.09620
"Nov 11, 2024 at 10:22 PM",4.8 MB,https://arxiv.org/abs/2405.10937
"Nov 11, 2024 at 9:48 PM",1.1 MB,https://arxiv.org/abs/2405.11755
"Nov 11, 2024 at 9:54PM",848 KB,https://arxiv.org/abs/2406.02359
"Oct 27, 2024 at 6:45PM",2.3 MB,https://arxiv.org/abs/2406.04957
"Oct 27, 2024 at 7:10PM",1.5 MB,https://arxiv.org/abs/2406.05081
"Oct 27, 2024 at 7:07PM",1.5 MB,https://arxiv.org/abs/2406.10048
"Oct 27, 2024 at 7:12PM",776 KB,https://arxiv.org/abs/2406.17053
"Oct 27, 2024 at 7:12PM",717 KB,https://arxiv.org/abs/2407.02714
"Oct 27, 2024 at 7:13PM",951 KB,https://arxiv.org/abs/2407.05686
"Oct 27, 2024 at 6:57PM",4.4 MB,https://arxiv.org/abs/2407.07319
"Oct 27, 2024 at 7:15PM",555 KB,https://arxiv.org/abs/2407.07956
"Oct 27, 2024 at 7:57PM",453 KB,https://arxiv.org/abs/2407.10071
"Oct 27, 2024 at 7:59PM",1.8 MB,https://arxiv.org/abs/2407.11263
"Oct 27, 2024 at 8:07PM",369 KB,https://arxiv.org/abs/2407.12920
"Oct 27, 2024 at 8:09PM",3.2 MB,https://arxiv.org/abs/2407.18246
"Oct 27, 2024 at 9:00PM",5.7 MB,https://arxiv.org/abs/2408.05240
"Oct 27, 2024 at 9:02PM",3.1 MB,https://arxiv.org/abs/2408.10166
"Oct 27, 2024 at 8:22PM",726 KB,https://arxiv.org/abs/2408.11774
"Oct 27, 2024 at 8:25PM",2.7 MB,https://arxiv.org/abs/2403.04316
"Oct 27, 2024 at 8:27PM",408 KB,https://arxiv.org/abs/2403.05626
"Oct 27, 2024 at 9:15PM",5 MB,https://arxiv.org/abs/2403.05626
"Oct 27, 2024 at 9:20PM",2.3 MB,https://arxiv.org/abs/2403.09089
"Oct 27, 2024 at 9:21PM",2.7 MB,https://arxiv.org/abs/2403.09816
"Oct 27, 2024 at 9:30PM",3.2 MB,https://arxiv.org/abs/2403.15126
"Oct 27, 2024 at 9:44PM",2 MB,https://arxiv.org/abs/2403.20164
"Oct 27, 2024 at 9:45PM",1 MB,https://arxiv.org/abs/2404.07075
"Oct 27, 2024 at 9:45PM",1.5 MB,https://arxiv.org/abs/2404.08375
"Nov 11, 2024 at 8:27PM",793 KB,https://arxiv.org/abs/2405.02960
"Nov 11, 2024 at 8:33 PM",13.6 MB,https://arxiv.org/abs/2405.06603
"Nov 11, 2024 at 8:35 PM",1.2 MB,https://arxiv.org/abs/2405.09599
"Nov 11, 2024 at 8:39 PM",1.1 MB,https://arxiv.org/abs/2405.09620
"Nov 11, 2024 at 9:26PM",10.1 MB,https://arxiv.org/abs/2405.10937
"Nov 11, 2024 at 8:50PM",631 KB,https://arxiv.org/abs/2405.11755
"Nov 11, 2024 at 8:53PM",788 KB,https://arxiv.org/abs/2406.02359
"Nov 11, 2024 at 8:54PM",716 KB,https://arxiv.org/abs/2406.04957
"Nov 11, 2024 at 8:57PM",750 KB,https://arxiv.org/abs/2406.05081
"Nov 11, 2024 at 9:28PM",1 MB,https://arxiv.org/abs/2406.10048
"Nov 11, 2024 at 9:05PM",1.9 MB,https://arxiv.org/abs/2406.17053
"Nov 11, 2024 at 9:30 PM",12.9 MB,https://arxiv.org/abs/2407.02714
"Nov 11, 2024 at 9:17PM",5.5 MB,https://arxiv.org/abs/2407.05686
"Nov 11, 2024 at 10:22 PM",4.8 MB,https://arxiv.org/abs/2407.07319
"Nov 11, 2024 at 9:48 PM",1.1 MB,https://arxiv.org/abs/2407.07956
"Nov 11, 2024 at 9:54PM",848 KB,https://arxiv.org/abs/2407.10071
"Oct 27, 2024 at 6:45PM",2.3 MB,https://arxiv.org/abs/2407.11263
"Oct 27, 2024 at 7:10PM",1.5 MB,https://arxiv.org/abs/2407.12920
"Oct 27, 2024 at 7:07PM",1.5 MB,https://arxiv.org/abs/2407.18246
"Oct 27, 2024 at 7:12PM",776 KB,https://arxiv.org/abs/2408.05240
"Oct 27, 2024 at 7:12PM",717 KB,https://arxiv.org/abs/2408.10166
"Oct 27, 2024 at 7:13PM",951 KB,https://arxiv.org/abs/2408.11774