File Name,Date Modified,Size,Type,ArXiv Link
B 2409.00336.pdf,Todayat 2:47PM,2.9MB,PDF Document,https://arxiv.org/abs/2409.00336
B 2409.01426v1.pdf,Todayat 4:45PM,1.3MB,PDF Document,https://arxiv.org/abs/2409.01426v1
B 2409.02886.pdf,Todayat 2:53PM,2.7,MB PDF Document,https://arxiv.org/abs/2409.02886
B 2409.03651v1.pdf,Todayat 4:48PM,5.8,MB PDF Document,https://arxiv.org/abs/2409.03651v1
B 2409.04623Vv1.pdf,Todayat 4:49PM,729KB,PDF Document,https://arxiv.org/abs/2409.04623Vv1
B 2409.06599v1.pdf,Todayat 4:52PM,2.3MB,PDF Document,https://arxiv.org/abs/2409.06599v1
B 2409.07063v1.pdf,Todayat 4:54PM,538,KB PDF Document,https://arxiv.org/abs/2409.07063v1
B 2409.07955v2.pdf,Todayat 4:24PM,1.4MB_,PDF Document,https://arxiv.org/abs/2409.07955v2
B 2409.09023v2.pdf,Todayat 4:25PM,1.3,MB PDF Document,https://arxiv.org/abs/2409.09023v2
B 2409.09382v1.pdf,Todayat 4:56,PM,277 KB PDF Document,https://arxiv.org/abs/2409.09382v1
B 2409.11245v1.pdf,Todayat 4:57PM,2.4MB_,PDF Document,https://arxiv.org/abs/2409.11245v1
B 2409.14505v1.pdf,Todayat 4:58,PM,2MB_ PDF Document,https://arxiv.org/abs/2409.14505v1
B 2409.14929v1.pdf,Todayat 4:36,PM,487 KB PDF Document,https://arxiv.org/abs/2409.14929v1
B 2409.15572v1.pdf,Todayat 4:59,PM,539KB PDF Document,https://arxiv.org/abs/2409.15572v1
B 2409.17846v2.pdf,Todayat 5:00,PM,505 KB PDF Document,https://arxiv.org/abs/2409.17846v2
B 2409.19664v1.pdf,Todayat 5:01PM,419KB,PDF Document,https://arxiv.org/abs/2409.19664v1
B 2409.19665v1.pdf,Todayat 4:43PM,9.8,MB PDF Document,https://arxiv.org/abs/2409.19665v1
B 2410.03612v2.pdf,Todayat 5:14PM,1.1MB,PDF Document,https://arxiv.org/abs/2410.03612v2
B 2410.03865v1.pdf,Todayat 5:50PM,324,KB PDF Document,https://arxiv.org/abs/2410.03865v1
B 2410.11893v1.pdf,Todayat 5:55PM,1.3MB,PDF Document,https://arxiv.org/abs/2410.11893v1
B 2410.11944v1.pdf,Todayat 5:29PM,2.1MB,PDF Document,https://arxiv.org/abs/2410.11944v1
B 2410.14664v2.pdf,Todayat 5:32PM,1.1MB,PDF Document,https://arxiv.org/abs/2410.14664v2
B 2410.17721v1.pdf,Todayat 5:38,PM,1.2 MB PDF Document,https://arxiv.org/abs/2410.17721v1
B 2410.20129v1.pdf,Todayat 5:59PM,1.3MB,PDF Document,https://arxiv.org/abs/2410.20129v1
B 2410.21509v1.pdf,Todayat 6:00,PM,7.5 MB _ PDF Document,https://arxiv.org/abs/2410.21509v1
B 2410.23666v1.pdf,Todayat 6:01PM,521KB,PDF Document,https://arxiv.org/abs/2410.23666v1
B 2411.00532v1.pdf,Todayat 6:03,PM,6.5 MB PDF Document,https://arxiv.org/abs/2411.00532v1
B 2411.04189v1.pdf,Todayat 6:18PM,29.1,MB PDF Document,https://arxiv.org/abs/2411.04189v1
B 2411.04233v1.pdf,Todayat 6:19PM,1.2,MB PDF Document,https://arxiv.org/abs/2411.04233v1
B 2411.04854v1.pdf,Todayat 6:12PM,678,KB PDF Document,https://arxiv.org/abs/2411.04854v1
B 2411.06706v1.pdf,Todayat 6:20,PM,174KB PDF Document,https://arxiv.org/abs/2411.06706v1
B 2411.07164v1.pdf,Todayat 6:21PM,1.4MB,PDF Document,https://arxiv.org/abs/2411.07164v1
B 2411.07313v1.pdf,Todayat 6:21PM,5.5,MB PDF Document,https://arxiv.org/abs/2411.07313v1
